chapter_id,title,char_count,file_path
1,第一回　甄士隐梦幻识通灵　贾雨村风尘怀闺秀,8195,raw/chapters/001.txt
2,第二回　　贾夫人仙逝扬州城　冷子兴演说荣国府,6253,raw/chapters/002.txt
3,第三回　贾雨村夤缘复旧职　林黛玉抛父进京都,8918,raw/chapters/003.txt
4,第四回　薄命女偏逢薄命郎　葫芦僧乱判葫芦案,6240,raw/chapters/004.txt
5,第五回　游幻境指迷十二钗　饮仙醪曲演红楼梦,7870,raw/chapters/005.txt
6,第六回　贾宝玉初试云雨情　刘姥姥一进荣国府,7449,raw/chapters/006.txt
7,第七回　送宫花贾琏戏熙凤　宴宁府宝玉会秦钟,7498,raw/chapters/007.txt
8,第八回　比通灵金莺微露意　探宝钗黛玉半含酸,6860,raw/chapters/008.txt
9,第九回　恋风流情友入家塾　起嫌疑顽童闹学堂,5882,raw/chapters/009.txt
10,第十回　金寡妇贪利权受辱　张太医论病细穷源,5295,raw/chapters/010.txt
11,第十一回　庆寿辰宁府排家宴　见熙凤贾瑞起淫心,6116,raw/chapters/011.txt
12,第十二回　 王熙凤毒设相思局　贾天祥正照风月鉴,4463,raw/chapters/012.txt
13,第十三回　　　　秦可卿死封龙禁尉　王熙凤协理宁国府,5367,raw/chapters/013.txt
14,第十四回　　林如海捐馆扬州城　贾宝玉路谒北静王,5822,raw/chapters/014.txt
15,第十五回　 王凤姐弄权铁槛寺　秦鲸卿得趣馒头庵,5254,raw/chapters/015.txt
16,第十六回　　贾元春才选凤藻宫　秦鲸卿夭逝黄泉路,7848,raw/chapters/016.txt
17,第十七回　 大观园试才题对额　荣国府归省庆元宵,8079,raw/chapters/017.txt
18,第十八回　　隔珠帘父女勉忠勤　搦湘管姊弟裁题咏,8856,raw/chapters/018.txt
19,第十九回　　情切切良宵花解语　意绵绵静日玉生香,9647,raw/chapters/019.txt
20,第二十回　　 王熙凤正言弹妒意　林黛玉俏语谑娇音,5605,raw/chapters/020.txt
21,第二十一回　　　　贤袭人娇嗔箴宝玉　俏平儿软语救贾琏,6381,raw/chapters/021.txt
22,第二十二回　　听曲文宝玉悟禅机　制灯迷贾政悲谶语,7379,raw/chapters/022.txt
23,第二十三回　　西厢记妙词通戏语　牡丹亭艳曲警芳心,5765,raw/chapters/023.txt
24,第二十四回　　 醉金刚轻财尚义侠　痴女儿遗帕惹相思,8941,raw/chapters/024.txt
25,第二十五回　 魇魔法姊弟逢五鬼　红楼梦通灵遇双真,8579,raw/chapters/025.txt
26,第二十六回　　蜂腰桥设言传心事　潇湘馆春困发幽情,7736,raw/chapters/026.txt
27,第二十七回　 滴翠亭杨妃戏彩蝶　埋香冢飞燕泣残红,6778,raw/chapters/027.txt
28,第二十八回　 蒋玉菡情赠茜香罗　薛宝钗羞笼红麝串,10075,raw/chapters/028.txt
29,第二十九回　 享福人福深还祷福　痴情女情重愈斟情,9108,raw/chapters/029.txt
30,第三十回　 宝钗借扇机带双敲　龄官划蔷痴及局外,6111,raw/chapters/030.txt
31,第三十一回　 撕扇子作千金一笑　因麒麟伏白首双星　话,7568,raw/chapters/031.txt
32,第三十二回　　诉肺腑心迷活宝玉　含耻辱情烈死金钏,6183,raw/chapters/032.txt
33,第三十三回　 手足耽耽小动唇舌　不肖种种大承笞挞　却,5113,raw/chapters/033.txt
34,第三十四回　 情中情因情感妹妹　错里错以错劝哥哥,7706,raw/chapters/034.txt
35,第三十五回　白玉钏亲尝莲叶羹　黄金莺巧结梅花络,8260,raw/chapters/035.txt
36,第三十六回　 绣鸳鸯梦兆绛芸轩　识分定情悟梨香院,7089,raw/chapters/036.txt
37,第三十七回　秋爽斋偶结海棠社　蘅芜苑夜拟菊花题,9632,raw/chapters/037.txt
38,第三十八回　 林潇湘魁夺菊花诗　薛蘅芜讽和螃蟹咏,5990,raw/chapters/038.txt
39,第三十九回　　村姥姥是信口开合　情哥哥偏寻根究底,6630,raw/chapters/039.txt
40,第四十回　　史太君两宴大观园　金鸳鸯三宣牙牌令,9920,raw/chapters/040.txt
41,第四十一回　　栊翠庵茶品梅花雪　怡红院劫遇母蝗虫,6875,raw/chapters/041.txt
42,第四十二回　　蘅芜君兰言解疑癖　潇湘子雅谑补余香,7986,raw/chapters/042.txt
43,第四十三回　　闲取乐偶攒金庆寿　不了情暂撮土为香,7093,raw/chapters/043.txt
44,第四十四回　变生不测凤姐泼醋　喜出望外平儿理妆,7086,raw/chapters/044.txt
45,第四十五回　 金兰契互剖金兰语　风雨夕闷制风雨词,8193,raw/chapters/045.txt
46,第四十六回　 尴尬人难免尴尬事　鸳鸯女誓绝鸳鸯偶,8603,raw/chapters/046.txt
47,第四十七回　呆霸王调情遭苦打　冷郎君惧祸走他乡,7589,raw/chapters/047.txt
48,第四十八回　　滥情人情误思游艺　慕雅女雅集苦吟诗,6978,raw/chapters/048.txt
49,第四十九回　 琉璃世界白雪红梅　脂粉香娃割腥啖膻,7674,raw/chapters/049.txt
50,第五十回　 芦雪庵争联即景诗　暖香坞雅制春灯谜,7313,raw/chapters/050.txt
51,第五十一回　 薛小妹新编怀古诗　胡庸医乱用虎狼药,7286,raw/chapters/051.txt
52,第五十二回　 俏平儿情掩虾须镯　勇晴雯病补雀金裘,8654,raw/chapters/052.txt
53,第五十三回　　宁国府除夕祭宗祠　荣国府元宵开夜宴,8476,raw/chapters/053.txt
54,第五十四回　 史太君破陈腐旧套　王熙凤效戏彩斑衣,9153,raw/chapters/054.txt
55,第五十五回　　辱亲女愚妾争闲气　欺幼主刁奴蓄险心,8450,raw/chapters/055.txt
56,第五十六回　 敏探春兴利除宿弊　时宝钗小惠全大体,9111,raw/chapters/056.txt
57,第五十七回　 慧紫鹃情辞试忙玉　慈姨妈爱语慰痴颦,11710,raw/chapters/057.txt
58,第五十八回　 杏子阴假凤泣虚凰　茜纱窗真情揆痴理,7336,raw/chapters/058.txt
59,第五十九回　　柳叶渚边嗔莺咤燕　绛云轩里召将飞符,5284,raw/chapters/059.txt
60,第六十回　茉莉粉替去蔷薇硝　玫瑰露引来茯苓霜,7826,raw/chapters/060.txt
61,第六十一回　 投鼠忌器宝玉瞒赃　判冤决狱平儿行权,6937,raw/chapters/061.txt
62,第六十二回　　憨湘云醉眠芍药茵届@呆香菱情解石榴裙,12304,raw/chapters/062.txt
63,第六十三回　　寿怡红群芳开夜宴　死金丹独艳理亲丧,11611,raw/chapters/063.txt
64,第六十四回　　幽淑女悲题五美吟　浪荡子情遗九龙佩,10046,raw/chapters/064.txt
65,第六十五回　　贾二舍偷娶尤二姨　尤三姐思嫁柳二郎,7208,raw/chapters/065.txt
66,第六十六回　　情小妹耻情归地府　冷二郎一冷入空门,5324,raw/chapters/066.txt
67,第六十七回　　见土仪颦卿思故里　闻秘事凤姐讯家童,9689,raw/chapters/067.txt
68,第六十八回　　苦尤娘赚入大观园　酸凤姐大闹宁国府,7800,raw/chapters/068.txt
69,第六十九回　　 弄小巧用借剑杀人　觉大限吞生金自逝,7569,raw/chapters/069.txt
70,第七十回　　林黛玉重建桃花社　史湘云偶填柳絮词,6250,raw/chapters/070.txt
71,第七十一回　 嫌隙人有心生嫌隙　鸳鸯女无意遇鸳鸯,9316,raw/chapters/071.txt
72,第七十二回　　王熙凤恃强羞说病　来旺妇倚势霸成亲,7725,raw/chapters/072.txt
73,第七十三回　　痴丫头误拾绣春囊　懦小姐不问累金凤,7750,raw/chapters/073.txt
74,第七十四回　　 惑奸谗抄检大观园　矢孤介杜绝宁国府,11496,raw/chapters/074.txt
75,第七十五回　开夜宴异兆发悲音　赏中秋新词得佳谶,9887,raw/chapters/075.txt
76,第七十六回　　凸碧堂品笛感凄清　凹晶馆联诗悲寂寞,7884,raw/chapters/076.txt
77,第七十七回　　俏丫鬟抱屈夭风流　美优伶斩情归水月,10998,raw/chapters/077.txt
78,第七十八回　 老学士闲征诡画词　痴公子杜撰芙蓉诔,11328,raw/chapters/078.txt
79,第七十九回　 薛文龙悔娶河东狮　贾迎春误嫁中山狼,4984,raw/chapters/079.txt
80,第八十回　　美香菱屈受贪夫棒　王道士胡诌妒妇方,7065,raw/chapters/080.txt
